{"cameraMode":{"drawMode":0,"name":"Shaded","section":"Shading Mode"},"sceneLighting":true,"audioPlay":false,"sceneViewState":{"m_AlwaysRefresh":false,"showFog":true,"showSkybox":false,"showFlares":true,"showImageEffects":true,"showParticleSystems":true,"showVisualEffectGraphs":true,"m_FxEnabled":true},"in2DMode":false,"pivot":{"x":66.68987274169922,"y":-2.16752028465271,"z":11.568536758422852},"rotation":{"x":-0.019579807296395303,"y":0.9314711093902588,"z":-0.050297122448682788,"w":-0.35986563563346865},"size":2.9610369205474855,"orthographic":false}