{"cameraMode":{"drawMode":0,"name":"Shaded","section":"Shading Mode"},"sceneLighting":true,"audioPlay":false,"sceneViewState":{"m_AlwaysRefresh":false,"showFog":true,"showSkybox":false,"showFlares":true,"showImageEffects":true,"showParticleSystems":true,"showVisualEffectGraphs":true,"m_FxEnabled":true},"in2DMode":false,"pivot":{"x":19.958341598510743,"y":1.4772090911865235,"z":-11.471598625183106},"rotation":{"x":0.07557281851768494,"y":-0.14371661841869355,"z":0.010947027243673802,"w":0.9866696000099182},"size":8.66160774230957,"orthographic":false}