{"cameraMode":{"drawMode":0,"name":"Shaded","section":"Shading Mode"},"sceneLighting":true,"audioPlay":false,"sceneViewState":{"m_AlwaysRefresh":false,"showFog":true,"showSkybox":false,"showFlares":true,"showImageEffects":true,"showParticleSystems":true,"showVisualEffectGraphs":true,"m_FxEnabled":true},"in2DMode":false,"pivot":{"x":10.637630462646485,"y":2.985416889190674,"z":-18.277301788330079},"rotation":{"x":0.007091086357831955,"y":-0.8885641694068909,"z":0.013567853718996048,"w":0.4589371383190155},"size":16.794374465942384,"orthographic":false}