{"cameraMode":{"drawMode":0,"name":"Shaded","section":"Shading Mode"},"sceneLighting":true,"audioPlay":false,"sceneViewState":{"m_AlwaysRefresh":false,"showFog":true,"showSkybox":false,"showFlares":true,"showImageEffects":true,"showParticleSystems":true,"showVisualEffectGraphs":true,"m_FxEnabled":true},"in2DMode":false,"pivot":{"x":0.20486879348754884,"y":-0.10625916719436646,"z":23.8804988861084},"rotation":{"x":-0.03645564988255501,"y":0.23345524072647096,"z":-0.008749181404709816,"w":-0.971653163433075},"size":30.026683807373048,"orthographic":false}