{"cameraMode":{"drawMode":0,"name":"Shaded","section":"Shading Mode"},"sceneLighting":true,"audioPlay":false,"sceneViewState":{"m_AlwaysRefresh":false,"showFog":true,"showSkybox":false,"showFlares":true,"showImageEffects":true,"showParticleSystems":true,"showVisualEffectGraphs":true,"m_FxEnabled":true},"in2DMode":false,"pivot":{"x":-23.417945861816408,"y":-0.38501501083374026,"z":-30.92784309387207},"rotation":{"x":-0.01627160608768463,"y":0.8397394418716431,"z":-0.02519826777279377,"w":-0.5421830415725708},"size":30.026683807373048,"orthographic":false}