{"cameraMode":{"drawMode":0,"name":"Shaded","section":"Shading Mode"},"sceneLighting":false,"audioPlay":false,"sceneViewState":{"m_AlwaysRefresh":false,"showFog":true,"showSkybox":false,"showFlares":true,"showImageEffects":true,"showParticleSystems":true,"showVisualEffectGraphs":true,"m_FxEnabled":true},"in2DMode":false,"pivot":{"x":15.799270629882813,"y":-5.009635925292969,"z":55.39177322387695},"rotation":{"x":0.045259807258844379,"y":-0.03501146659255028,"z":0.0019748976919800045,"w":0.9984956979751587},"size":45.25759506225586,"orthographic":false}