{"cameraMode":{"drawMode":0,"name":"Shaded","section":"Shading Mode"},"sceneLighting":true,"audioPlay":false,"sceneViewState":{"m_AlwaysRefresh":false,"showFog":true,"showSkybox":false,"showFlares":true,"showImageEffects":true,"showParticleSystems":true,"showVisualEffectGraphs":true,"m_FxEnabled":true},"in2DMode":false,"pivot":{"x":56.831138610839847,"y":-1.8341447114944459,"z":-14.987263679504395},"rotation":{"x":-0.03748563677072525,"y":-0.6989045739173889,"z":0.036722782999277118,"w":-0.7133005261421204},"size":35.67561721801758,"orthographic":false}