{"cameraMode":{"drawMode":0,"name":"Shaded","section":"Shading Mode"},"sceneLighting":true,"audioPlay":false,"sceneViewState":{"m_AlwaysRefresh":false,"showFog":true,"showSkybox":false,"showFlares":true,"showImageEffects":true,"showParticleSystems":true,"showVisualEffectGraphs":true,"m_FxEnabled":true},"in2DMode":false,"pivot":{"x":22.13793182373047,"y":1.6396629810333253,"z":-75.58610534667969},"rotation":{"x":-0.0008025133283808827,"y":-0.9942513704299927,"z":0.007456539664417505,"w":-0.10688531398773194},"size":30.026683807373048,"orthographic":false}