{"cameraMode":{"drawMode":0,"name":"Shaded","section":"Shading Mode"},"sceneLighting":false,"audioPlay":false,"sceneViewState":{"m_AlwaysRefresh":false,"showFog":true,"showSkybox":false,"showFlares":true,"showImageEffects":true,"showParticleSystems":true,"showVisualEffectGraphs":true,"m_FxEnabled":true},"in2DMode":false,"pivot":{"x":19.812286376953126,"y":6.801971435546875,"z":-54.02387237548828},"rotation":{"x":-0.0022726135794073345,"y":0.9976952075958252,"z":0.041624799370765689,"w":0.055982790887355807},"size":23.65142250061035,"orthographic":false}