{"cameraMode":{"drawMode":0,"name":"Shaded","section":"Shading Mode"},"sceneLighting":false,"audioPlay":false,"sceneViewState":{"m_AlwaysRefresh":false,"showFog":true,"showSkybox":false,"showFlares":true,"showImageEffects":true,"showParticleSystems":true,"showVisualEffectGraphs":true,"m_FxEnabled":true},"in2DMode":false,"pivot":{"x":28.152671813964845,"y":7.194051742553711,"z":-23.97195053100586},"rotation":{"x":0.015085955150425434,"y":0.8892280459403992,"z":-0.45652124285697939,"w":0.028973063454031946},"size":45.25759506225586,"orthographic":false}