{"cameraMode":{"drawMode":0,"name":"Shaded","section":"Shading Mode"},"sceneLighting":true,"audioPlay":false,"sceneViewState":{"m_AlwaysRefresh":false,"showFog":true,"showSkybox":false,"showFlares":true,"showImageEffects":true,"showParticleSystems":true,"showVisualEffectGraphs":true,"m_FxEnabled":true},"in2DMode":false,"pivot":{"x":44.347442626953128,"y":0.40254098176956179,"z":29.475749969482423},"rotation":{"x":-0.01019257865846157,"y":-0.23740462958812715,"z":0.0025183516554534437,"w":-0.9713696241378784},"size":37.4187126159668,"orthographic":false}