{"cameraMode":{"drawMode":0,"name":"Shaded","section":"Shading Mode"},"sceneLighting":true,"audioPlay":false,"sceneViewState":{"m_AlwaysRefresh":false,"showFog":true,"showSkybox":false,"showFlares":true,"showImageEffects":true,"showParticleSystems":true,"showVisualEffectGraphs":true,"m_FxEnabled":true},"in2DMode":false,"pivot":{"x":-3.3746204376220705,"y":4.7405548095703129,"z":-15.784302711486817},"rotation":{"x":-0.06439477205276489,"y":-0.6822692155838013,"z":0.06054128333926201,"w":-0.7257617712020874},"size":0.8660253882408142,"orthographic":false}